{"ratio": [], "shift": [["EST_PRODUITE,SEMANCIERS", 0], ["EST_PRODUITE,VARIETES", 0], ["SUBISSENT,PLANTES", 0], ["SUBISSENT,MENACES", 0], ["MISE_EN_PLACE,VARIETES", 0], ["MISE_EN_PLACE,PERIODE", 0], ["DE_VARIETE,VARIETES", 0], ["DE_VARIETE,PLANTES", 0], ["EST_VERGER,JARDINS", 0], ["EST_VERGER,JARDINS_VERGER", 0], ["RECOLTE,VARIETES", 0], ["RECOLTE,PERIODE", 0], ["OCCUPE,VARIETES", 0], ["OCCUPE,RANGS", 0], ["SE_COMPOSE,PARCELLES", 0], ["SE_COMPOSE,JARDINS", 0], ["EST_POTAGER,JARDINS", 0], ["EST_POTAGER,JARDINS_POTAGER", 0], ["INFESTATION,PERIODE", 0], ["INFESTATION,RANGS", 0], ["EST_DECOUPEE,RANGS", 0], ["EST_DECOUPEE,PARCELLES", 0], ["EST_DORNEMENTS,JARDINS", 0], ["EST_DORNEMENTS,JARDINS_DORNEMENTS", 0]], "colors": [["annotation_color", "#b2182b"], ["annotation_text_color", "#ffffff"], ["association_attribute_text_color", "#000000"], ["association_cartouche_color", "#f4a582"], ["association_cartouche_text_color", "#000000"], ["association_color", "#fddbc7"], ["association_stroke_color", "#d6604d"], ["background_color", "#ffffff"], ["card_text_color", "#4d4d4d"], ["entity_attribute_text_color", "#000000"], ["entity_cartouche_color", "#bababa"], ["entity_cartouche_text_color", "#000000"], ["entity_color", "#e0e0e0"], ["entity_stroke_color", "#878787"], ["leg_stroke_color", "#d6604d"], ["transparent_color", "none"]], "cy": [["SEMANCIERS", 68], ["EST_PRODUITE", 68], ["PLANTES", 68], ["SUBISSENT", 68], ["JARDINS_VERGER", 68], ["MISE_EN_PLACE", 194], ["VARIETES", 194], ["DE_VARIETE", 194], ["MENACES", 194], ["EST_VERGER", 194], ["JARDINS_POTAGER", 194], ["PERIODE", 346], ["RECOLTE", 346], ["OCCUPE", 346], ["SE_COMPOSE", 346], ["JARDINS", 346], ["EST_POTAGER", 346], ["INFESTATION", 464], ["RANGS", 464], ["EST_DECOUPEE", 464], ["PARCELLES", 464], ["EST_DORNEMENTS", 464], ["JARDINS_DORNEMENTS", 464]], "cx": [["SEMANCIERS", 80], ["EST_PRODUITE", 253], ["PLANTES", 420], ["SUBISSENT", 568], ["JARDINS_VERGER", 709], ["MISE_EN_PLACE", 80], ["VARIETES", 253], ["DE_VARIETE", 420], ["MENACES", 568], ["EST_VERGER", 709], ["JARDINS_POTAGER", 886], ["PERIODE", 80], ["RECOLTE", 253], ["OCCUPE", 420], ["SE_COMPOSE", 568], ["JARDINS", 709], ["EST_POTAGER", 886], ["INFESTATION", 80], ["RANGS", 253], ["EST_DECOUPEE", 420], ["PARCELLES", 568], ["EST_DORNEMENTS", 709], ["JARDINS_DORNEMENTS", 886]], "size": [974, 524]}